SatisfactionCategory,AvgSpent
High,1292.857142857143
Low,1426.047138047138
Medium,1386.737532808399
